{
  "rules": [
    {
      "match": {
        "class": "org.kde.plasmashell",
        "type": "dock"
      },
      "apply": {
        "keepBelow": true,
        "opacity": 0.0,
        "excludeFromSwitcher": true
      }
    },
    {
      "match": {
        "titleContains": "Picture in Picture",
        "activities": [
          "CURRENT"
        ]
      },
      "apply": {
        "keepAbove": true,
        "noBorder": true
      }
    },
    {
      "match": {
        "class": "dolphin",
        "activities": [
          "*"
        ]
      },
      "apply": {
        "opacity": 0.95
      }
    }
  ],
  "notes": "Use activities: ['CURRENT'] to apply only on current activity; omit or ['*'] for all"
}